title,p_pos,p_neg,classification
Market's JittersStir Some FearsFor Buyout Boom,0.418604074245,0.581395925755,neg
Debt and the Corporate Tax Base,0.739872113215,0.260127886785,pos
Spending May Sag as Debt Use Eases,0.946932095182,0.0530679048176,pos
Treasury to Pay Down Debt,0.873298081185,0.126701918815,pos
Bonds Becoming a Tougher Sale,0.901191969887,0.0988080301129,pos
REITs Weigh Leverage Levels,0.247572815534,0.752427184466,neg
Treasury to Pay Down Debt,0.873298081185,0.126701918815,pos
Behind Buyout Surge,A Debt Market Booms,0.97483586974,0.0251641302602,pos
Colleges Buy UpRisky Debt AfterBear's Debacle,0.764540816327,0.235459183673,pos
Thomson Learning, Service Master, VWR Test Debt Market,0.976275934514,0.0237240654859,pos
Until Debt Do Us Part: Dealing with a Future Spouse's Bills,0.911415401138,0.0885845988623,pos
Treasury Sets a Debt Plan,0.92755162489,0.07244837511,pos
Game Theories:Calling the EndOf Cheap Debt,0.748756130145,0.251243869855,pos
Market Still Hungers for Debt,0.836556940249,0.163443059751,pos
Game of Buyout BingoMay Be Ending,0.646996027805,0.353003972195,pos
The U.S. Debt Load: Big and Cheap,0.477759804292,0.522240195708,neg
ECB Finds a Way to Buy Sovereign Debt,0.959545642569,0.0404543574307,pos
Spain Yields Rise at Bond Auction,0.70874414359,0.29125585641,pos
HEARD ON THE STREET: Bank Debt Bail-Ins Move Closer to Reality,0.832535041574,0.167464958426,pos
CB&I Debt Load To Swell After Shaw Deal,0.727908367977,0.272091632023,pos
December Debacle? U.S. Likely to Hit Debt Ceiling Then,0.595851409691,0.404148590309,pos
U.S. Probably Won't Have to Raise Debt Ceiling This Year,0.616266530727,0.383733469273,pos
Money Market Funds: So Big in Japan, They're About to Play Budokan,0.513684114655,0.486315885345,pos
The Weird World of Japanese Debt,0.801523962516,0.198476037484,pos
IMF Paper Says ECB Seniority on Greek Debt Undermines Crisis-Fighting Powers,0.886413137907,0.113586862093,pos
Spain Pays Premium on Its Debt,0.989042775113,0.0109572248866,pos
Middle-Aged Americans Struggle Most With Student Debt,0.948352507271,0.0516474927287,pos
Italy Pays for Long-Term Debt, but Key Auction Proves Smooth,0.991435860415,0.00856413958494,pos
Record Cheap Debt Drives Bond 'Bonanza',0.753188762839,0.246811237161,pos
HEARD ON THE STREET: Italian Debt Still Hangs in the Balance,0.981258610026,0.0187413899737,pos
Tokyo sees prices rising,0.355572898077,0.644427101923,neg
Long Study of Great DepressionHas Shaped Bernanke's Views,0.956297575243,0.0437024247565,pos
Bernanke's Research,0.488095238095,0.511904761905,neg
Japan,0.638888888889,0.361111111111,pos
Japan's deflation cyclemay be near end at last,0.681465958222,0.318534041778,pos
Japan budget billtargets reductionin bond issuance,0.571500299372,0.428499700628,pos
What's Next for Bank of Japan,0.631822613065,0.368177386935,pos
Investors Push Nikkei to 5-Year High,Even as Tab Rises in Trading Blunder,0.87653077804,0.12346922196,pos
Japanese Data ShowRecovery Is on Track,0.369922749149,0.630077250851,neg
Dollar Moves Up,With Solid GainsOn Yen and Pound,0.857869741318,0.142130258682,pos
Dollar Appears HeadedFor Range-Bound Week,0.334410687013,0.665589312987,neg
Bank of Japan Sees Shift,0.590273404216,0.409726595784,pos
Japanese bondsgain amid a dropin Tokyo shares,0.441729323308,0.558270676692,neg
Conditions improve in Japan,0.826056338028,0.173943661972,pos
From Nikkei: Toyota Labor Union SeeksFirst Pay Raise in 4 Years,0.793909827126,0.206090172874,pos
Credit Crisis+Mortgage Mess = Deflation?,0.252985469734,0.747014530266,neg
Deflation Pressures Ease in Japan,0.896880415945,0.103119584055,pos
Bond Yields Harken Back to 2004,0.748316626855,0.251683373145,pos
This Holiday Season,Electronics Top Wish Lists,0.676004884259,0.323995115741,pos
Why Pakistan's Stock InvestorsFocus on Business Over Politics,0.803643310894,0.196356689106,pos
Lifelines for the Drowning Dollar,0.237691710795,0.762308289205,neg
Global Deflation Pandemic Begins to Brew,0.892996108949,0.107003891051,pos
Japanese index heightensconcerns about deflation,0.377821102967,0.622178897033,neg
How to Build a Portfolio Wisely and Safely,0.981405762943,0.0185942370566,pos
Japanese yields head downward on deflation fear,0.643902721482,0.356097278518,pos
Video: Deflation Hits Equities, But Tech Performs Better,0.532066349076,0.467933650924,pos
No Cakewalk for Oil-Services Firms,0.251955161627,0.748044838373,neg
Make Money, Whatever Happens to the Economy,0.135916266893,0.864083733107,neg
Sweden Official Seeks Price Targets,0.661580790395,0.338419209605,pos
Economists React: China's GDP Accelerator Is Working, But What About The Brake?,0.801074689514,0.198925310486,pos
Fed Focuses on Inflation Expectations And Tries to Stem Self-Fulfilling Prophecies,0.533773442,0.466226558,pos
Less-Contained Language,0.642857142857,0.357142857143,pos
The Fed's in the Hot SeatAs Inflation Rises,0.901578836312,0.0984211636884,pos
Reports Intensify Pressure On Fed to Boost Rates,0.559181841498,0.440818158502,pos
Bernanke and Inflation:A Headache for Markets,0.314738830272,0.685261169728,neg
Inflation Fears Mount at FedAs Poole Toughens Rate Posture,0.87365744363,0.12634255637,pos
TIPS Funds Grow as Inflation Hedge,But With Their Allure Comes Caveats,0.820961883659,0.179038116341,pos
Bernanke Highlights Inflation Risks,But Sounds Somewhat Dovish Note,0.949433009079,0.0505669909207,pos
Bernanke's Remarks on Energy, Economy,0.514155982906,0.485844017094,pos
Stocks Rally Despite Inflation Data,0.916854789278,0.0831452107222,pos
'Foregone Conclusion' on Rate Move;Questions on Role of Housing Costs,0.941377443483,0.0586225565175,pos
Paris Hilton vs. the Short Sellers,0.522974642539,0.477025357461,pos
Bonds Are Bracing for Inflation Data,0.913148828969,0.0868511710315,pos
Fed Official Joins Inflation Chorus,But Avoids Hawkish Tone on Rates,0.973472469961,0.0265275300393,pos
Fed Official Bies CitesGrowing Inflation Risk,0.818115825133,0.181884174867,pos
Finding Your Refuge From Inflation,0.893917755456,0.106082244544,pos
Inflation Caps Gain Hedge Popularity,0.830497382199,0.169502617801,pos
Fed Officials Downplay TIPS Inflation Signal,0.934017595308,0.0659824046921,pos
Inflation Rears Its Ugly Head Once Again,0.71344900335,0.28655099665,pos
German Rise in Inflation Is to Hit EU,0.918811784578,0.0811882154223,pos
Inflation Alert,0.642857142857,0.357142857143,pos
For the Fed, a Recession -- Not Inflation -- Poses Greater Threat,0.967066427172,0.0329335728284,pos
Saudi Inflation Reaches 27-Year High,0.757876416863,0.242123583137,pos
The Inflation Fever Breaks (For Now),0.728936011063,0.271063988937,pos
Inflation Challenges Persian Gulf Growth,0.988775510204,0.0112244897959,pos
Perceptions Test China's Ability to Quell Inflation,0.931445988801,0.0685540111992,pos
Fighting Recession Instead of Inflation,0.740825436318,0.259174563682,pos
Personal Spending Up Mere 0.1%, But Inflation Pressures Are Muted,0.974619239286,0.025380760714,pos
South Korea's New President Switches Focus to Inflation,0.765390390779,0.234609609221,pos
China's Wen Puts Inflation, Unrest High on Agenda,0.994510716891,0.00548928310852,pos
Atari's Loss Narrows,0.585106382979,0.414893617021,pos
Infogrames Reports Narrower Loss,0.717391304348,0.282608695652,pos
Toys 'R' Us Net Loss WidensDespite 3.6% Increase in Sales,0.842656040518,0.157343959482,pos
Ciena Loss Narrows as Sales Jump,0.466690042076,0.533309957924,neg
Nortel Reports Loss in Scandal Wake,0.823555166375,0.176444833625,pos
ATI Posts Loss and SlashesRevenue Forecast,0.875796178344,0.124203821656,pos
Circuit City's Loss WidensOn Higher Expenses,0.743049133232,0.256950866768,pos
Continental Still ExpectsTo Post Net Loss for 2005,0.3945421454,0.6054578546,neg
Sears Posts Loss, Lukewarm SalesIn First Report to Wrap In Kmart,0.653131680248,0.346868319752,pos
Take-Two Sales Rise 45%,But Delays Trigger Forecast Cut,0.84256555027,0.15743444973,pos
Alstom Posts Narrower Net Loss,Repeats Vow for Profit This Year,0.664441830108,0.335558169892,pos
Boeing Expects to Post Pretax LossRelated to Sale of Plants to Onex,0.340432294978,0.659567705022,neg
Acquisition Weighs on 3Com's Net,0.65625,0.34375,pos
Grokster's Loss Is America's Gain,0.78601792658,0.21398207342,pos
Spitzer's Stumble,0.342105263158,0.657894736842,neg
EarthLink Posts LossAmid Decline in Subscribers,0.65625,0.34375,pos
Chi Mei Loss Wider Than ForecastAs Panel Prices Decline,0.222070166708,0.777929833292,neg
U.S. Remains the Bane of Ford and Nissan,0.300746243795,0.699253756205,neg
BenQ Posts Loss,Unveils OverhaulIncluding Spinoff,0.921581769437,0.078418230563,pos
China Eastern Airlines Posts Loss,0.743265738499,0.256734261501,pos
LG ElectronicsPosts Loss AmidPricing Pressure,0.517326732673,0.482673267327,pos
Spansion Posts A Wider Loss,0.64453125,0.35546875,pos
Micron Falls After Swinging to Loss;Nasdaq Finishes Week Ahead 2.1%,0.508906874259,0.491093125741,pos
TCL Multimedia ExpectsBig Loss Amid High Costs,0.761342479965,0.238657520035,pos
Northwest's Loss NarrowsAhead of Chapter 11 Exit,0.554435483871,0.445564516129,pos
Goodyear Swings to a Loss,Plans to Expand Production,0.591241262444,0.408758737556,pos
Infineon's Net Loss Narrows,But Wireless Unit Weighs on Results,0.351455450876,0.648544549124,neg
XM Loss NarrowsWith Customer Additions,0.482954545455,0.517045454545,neg
Beazer Posts Loss Amid Weak Housing Market,0.939912311087,0.0600876889129,pos
UAL Loss May Signal Rough Ride Ahead,0.801405026619,0.198594973381,pos
Sharp Decline in Stocks ReflectsInvestors' Greater Aversion to Risk,0.893173483454,0.106826516546,pos
AIG, General ReOfficials KnewOf Deal's Risk,0.810433207133,0.189566792867,pos
FASB Weighs Its Finite-Risk Rules,0.362884817689,0.637115182311,neg
GE Hints It May Exit InsuranceBusiness; Will It Be Revealing?,0.696955874427,0.303044125573,pos
So Indict Him Then,0.499969021546,0.500030978454,neg
Cut Fannie and Freddie Down to Size,0.143721498846,0.856278501154,neg
Short-Term Risk Forecast Falls To Lowest Level in Nearly 3 Weeks,0.87227869209,0.12772130791,pos
A Misguided Proposal to Regulate Risk-Taking,0.107456140351,0.892543859649,neg
Insurance ProbeTo Expand FocusTo Purchasers,0.763157894737,0.236842105263,pos
J&J Heart-Failure Drug AttractsFurther Scrutiny Over Safety,0.959679093177,0.040320906823,pos
Leveraged Buyouts Heap RiskOn Investors Hungry for Yields,0.811595479992,0.188404520008,pos
Morgan Stanley LosesInstitutional Risk Advisor,0.902414932703,0.0975850672969,pos
Greenspan's TestimonyOn Fannie, Freddie,0.159090909091,0.840909090909,neg
Australian Debt Rides Out New Risk,0.966552427427,0.0334475725727,pos
Risk Watchers,Part 2: PeeringOver the Hedge,0.831530894363,0.168469105637,pos
What Makes a Drug Too Risky? There's No Easy Answer,0.70870753913,0.29129246087,pos
Painkiller Study Reinforces Cardiovascular Risk,0.631845841785,0.368154158215,pos
Asthma, AllergiesDuring PregnancyDouble Autism Risk,0.051724137931,0.948275862069,neg
AIDS Drug CocktailsMay Double Heart Risk,0.900311760242,0.0996882397581,pos
Short-Term Risk Forecast Shows Biggest One-Day Rise Since July,0.97889928904,0.0211007109599,pos
Hormone TherapyMay Raise RiskOf Incontinence,0.439655172414,0.560344827586,neg
Where FindingsOn PainkillersLeave Patients,0.404590943769,0.595409056231,neg
Merck Documents ShedLight on Vioxx Legal Battles,0.763992537313,0.236007462687,pos
Option Traders' Risk PerceptionKeeps Easing After Fed Rate Rise,0.963497891333,0.0365021086667,pos
Health Mailbox,0.404761904762,0.595238095238,neg
FDA Panel Questions Industry,Agency on Painkiller Handling,0.517804326696,0.482195673304,pos
Cancer-Risk Label ConsideredFor Two Topical Eczema Creams,0.890272233493,0.109727766507,pos
Reducing Title Insurance Premiums Would Put Consumers at Risk,0.962410778213,0.0375892217867,pos
FDA Conclave Will AssessCardiac Risks of Painkillers,0.301241452398,0.698758547602,neg
Hospitals Aim to CurbInjuries From Falling; Risk for Young Patients,0.632947534407,0.367052465593,pos
Tiger Woods Crash: 911 Call to be Released Today,0.895231295266,0.104768704734,pos
Video: Deadly Train Crash in Russia,0.899906550323,0.100093449677,pos
Video: Video of Front-Impact Crash Tests,0.339114832536,0.660885167464,neg
Video: Video of Side-Impact Crash Tests,0.339114832536,0.660885167464,neg
Pilot Error Suspected in Yemenia Airways Crash,0.469453821039,0.530546178961,neg
Woods Speaks Out on Crash, Blaming Himself,0.435445416714,0.564554583286,neg
U.S. to Probe China Cargo Plane Crash,0.383673987765,0.616326012235,neg
Ford Says Inflatable Seat Belt Could Reduce Crash Injuries,0.0694119206501,0.93058807935,neg
Terrorism Suspected in Russia Train Crash,0.991626952608,0.00837304739211,pos
Three Americans Die in China Plane Crash,0.723017277328,0.276982722672,pos
Allied Irish Raises Bad Debt Charge,0.879645657601,0.120354342399,pos
Video: Couple Crashes Obama's First State Dinner,0.562240963171,0.437759036829,pos
FAA Plans Tougher Ice Rules,0.349267146018,0.650732853982,neg
Elvis-Themed Las Vegas Resort on Hold,0.538728468699,0.461271531301,pos
Video: Ford's Newest Feature: Inflatable Seat Belt,0.355174010629,0.644825989371,neg
NTSB Suggests Poor Visibility in Plane Crash Involving Former Sen. Stevens,0.430117658425,0.569882341575,neg
Stevens Describe Horror at Stevens Crash Site,0.474531294969,0.525468705031,neg
10 Venezuelan Troops Die in Helicopter Crash,0.506521630906,0.493478369094,pos
Pakistan Air Crash Blamed on Visibility, Errors,0.817705697804,0.182294302196,pos
NTSB Focuses on Actions of Pilot in Stevens Crash,0.676971024259,0.323028975741,pos
Condition of Plane-Crash Survivor Improves,0.698910081744,0.301089918256,pos
Ted Stevens Dies in Alaska Plane Crash,0.131697929901,0.868302070099,neg
Legacy of the 'Flash Crash',0.612409228559,0.387590771441,pos
Peter Lenz Crash: Teen Motorcycle Racer Dies In Accident,0.128036778363,0.871963221637,neg
Video: Deadly Bus Crash near Quito, Ecuador kills 38.,0.232794375615,0.767205624385,neg
Crash-Proof Cars: Cadillac Says They Are Coming (Video),0.0974816884134,0.902518311587,neg
Circuit Breakers Prevent Sudden Losses at LSE,0.199211908932,0.800788091068,neg
Video: No, We're Not Better Off Post Flash Crash,0.310761459686,0.689238540314,neg
All but One Survive Aircraft Crash on Landing,0.542067031086,0.457932968914,pos
Deadly Mojave Desert Crash -- Photos.,0.526867014246,0.473132985754,pos
German Engineering,0.850785340314,0.149214659686,pos
Surviving the Big, Scary 'Mega-Bubble',0.464145192942,0.535854807058,neg
Investors Fret Mortgage Balloons Will Burst,0.083619212889,0.916380787111,neg
What Housing Bubble?,0.898819108964,0.101180891036,pos
Housing PricesAren't Fed Target,Greenspan Says,0.91193218376,0.0880678162399,pos
Japan's Burst BubbleIn 1980s Real EstateMay Not Echo in U.S.,0.753561466622,0.246438533378,pos
Cooling Housing's Jets,0.583333333333,0.416666666667,pos
Australia SuggestsEnd of Home BoomNeedn't Be Dire,0.734293193717,0.265706806283,pos
Real Estate Pulls InM.B.A. StudentsDespite Bubble Fears,0.878486995081,0.121513004919,pos
Editor's Note,0.54753820034,0.45246179966,pos
Walking the Line,0.493198296952,0.506801703048,neg
Portfolios That Invest in Real EstateOr in Latin America Are Hot,0.574351936198,0.425648063802,pos
Beijing Rules RestrainFlow of Venture Capital,0.903767820774,0.0962321792261,pos
Stocks Stand Up to Terror,0.6664,0.3336,pos
Investors Like What They See (So Far),0.511592945463,0.488407054537,pos
Whither the Yuan?,0.50025,0.49975,pos
Puncturing the "Private-Equity Bubble",0.797036817195,0.202963182805,pos
Secondary Sources: Paulson's Credibility, Carry Trades and the Housing Bubble,0.547401189093,0.452598810907,pos
You Know It's a Private-Equity Bubble When...,0.530131689534,0.469868310466,pos
The Man Who Saw It Coming,0.497189139922,0.502810860078,neg
Our Subprime Fed,0.603254319004,0.396745680996,pos
Desperate House Loans?,0.750374617239,0.249625382761,pos
'How I Became a Quant',0.66847826087,0.33152173913,pos
Japan Land Prices Rise 8.6%,Biggest Gain in 15 Years,0.820580154324,0.179419845676,pos
The Tension Between Traditional Economics and Bubbles,0.54706322978,0.45293677022,pos
BofA's Countrywide Gamble,0.409090909091,0.590909090909,neg
Reading: The Cleaner,0.458828176315,0.541171823685,neg
Behind a Sushi Empire,A Meticulous Balance,0.911139274401,0.0888607255993,pos
The Song of Bernanke,0.628946274242,0.371053725758,pos
China at 5000: Buying Frenzy Continues,0.770959902795,0.229040097205,pos
Steps to Avoid Onerous Credit-Card Fees,0.881884641596,0.118115358404,pos
Citigroup Alters Interest-Rate Practices,0.907407407407,0.0925925925926,pos
New Battle Over ReformOf Americans' 401(k)s,0.714859052319,0.285140947681,pos
How Street Hit Lender,0.668828743265,0.331171256735,pos
Tapping World's Oil Rigs,0.254384159394,0.745615840606,neg
Foreclosure RiseBrings BusinessTo One Investor,0.0639667188167,0.936033281183,neg
Banks Go on Subprime Offensive,0.349684968497,0.650315031503,neg
Senate Chides Credit-Card Companies,0.9375,0.0625,pos
If It's Time to Move Out of Stocks,Is There Anything to Move Into?,0.553653239616,0.446346760384,pos
Subprime Wreckage Entices Bargain Hunters,0.70652173913,0.29347826087,pos
Learning From Palm's Pain,0.874383818467,0.125616181533,pos
Bally to WeighChapter 11 FilingAmid Debt Woes,0.75,0.25,pos
Mortgage Fears Lift Treasurys,0.659870083003,0.340129916997,pos
Tax-Shelter Client of myCFO Goes to Court,0.675836160931,0.324163839069,pos
Where to Land a Flight to Safety,0.704207626511,0.295792373489,pos
Housing Bears Bet on Shaky Credit,0.931554290896,0.0684457091035,pos
Calpine's Bond Prices RiseOn News of Bankruptcy Filing,0.29625074985,0.70374925015,neg
Corporate bankruptcies risein Korea, credit defaults fall,0.398111452818,0.601888547182,neg
DecipheringA Mistrial,0.5,0.5,pos
Credit-Derivatives Deadline Looms,0.375,0.625,neg
The Worst of 2005: Confusion,'Reform' and (Ugh!) the AMT,0.0379863815636,0.962013618436,neg
S&P Cuts GM Credit Rating Further,0.547160336012,0.452839663988,pos
Market Is Waiting to See if FedShifts Wording in Next Meeting,0.638338889162,0.361661110838,pos
Calpine's Woes Don't Deter Investors in Junk-Bond Market,0.928015564202,0.0719844357977,pos
Unipol's pursuit of BNL hitsanother financial roadblock,0.783582089552,0.216417910448,pos
Epilogue to a (Former) Short's Story:Data on Allied Capital Aren't Pretty,0.650173391939,0.349826608061,pos
Equity Firms Pursue $8 Billion Deal,0.447129590545,0.552870409455,neg
Indictments SoughtIn Probe of Cirio,0.5,0.5,pos
Leveraged Loans Came to RescueIn Year of Flailing Credit Market,0.772333100189,0.227666899811,pos
From Nikkei BOJ Watching for SpikesIn Loans to Realtors, REITs,0.712017407104,0.287982592896,pos
Bear Stearns May Settle SEC Case,0.166288462119,0.833711537881,neg
Innocent Mexicans Bear the Brunt of Drug Violence,0.090966026553,0.909033973447,neg
Tiger Holds Off Montgomerie,Continues His Chase of Nicklaus,0.635960868575,0.364039131425,pos
Housing GetsEven Less Affordable,0.93137254902,0.0686274509804,pos
Zoos Gone Wild,0.481437209956,0.518562790044,neg
How Bikers' Water BackpackBecame Soldiers' Essential,0.763552535465,0.236447464535,pos
Wall Street TurnsBlind Eye to ResultsOf Option Expensing,0.538301710219,0.461698289781,pos
Bulls, Bears Debate DreamWorks,0.985576923077,0.0144230769231,pos
NYSE Seat Prices Cool Off a Tad,0.880229183001,0.119770816999,pos
At Morgan Stanley, The Parachute Opens Up Golden,0.39836151865,0.60163848135,neg
Arroyo Asks Cabinet to ResignAs Political Crisis Escalates,0.92619614222,0.0738038577804,pos
Mack ReceivesRich Pay PactPacing Rivals',0.239932885906,0.760067114094,neg
Bulls, Bears Debate JetBlue,0.946153846154,0.0538461538462,pos
China's Tradable-Share PlanRemains Crucial to Markets,0.702520515826,0.297479484174,pos
Yuan of a New Era:The Impact on Markets,0.882497601782,0.117502398218,pos
Where the Wild Things Are,0.52185848587,0.47814151413,pos
Ryne Sandberg Breaks the MoldWith Fiery Cooperstown Speech,0.643771500903,0.356228499097,pos
Simmons Stumps Shorts on Timet,0.214285714286,0.785714285714,neg
Big Ship, New Captain,0.520632264581,0.479367735419,pos
Trans-Atlantic Crossing,0.616666666667,0.383333333333,pos
Bulls, Bears Debate Chevron,0.946153846154,0.0538461538462,pos
Inventively Ever After: In 'Brothers Grimm,' TellersAnd Tales Wondrously Mingle,0.969953646474,0.0300463535261,pos
Ouch! Jet-Fuel Prices Outpace Crude,0.807692307692,0.192307692308,pos
The Theology of Global Warming,0.91618420523,0.08381579477,pos
Cable CompaniesCall Up New Growth Story,0.530817067909,0.469182932091,pos
Mexico Surges to Record Highs,0.334112149533,0.665887850467,neg
Major's Frustration,0.588675213675,0.411324786325,pos
On Baghdad Beat,Policeman DodgesBombs, Turncoats,0.113175675676,0.886824324324,neg
Housing-Bubble TalkDoesn't Scare Off Foreigners,0.687760124498,0.312239875502,pos
Notable & Quotable,0.552083333333,0.447916666667,pos
U.N.'s Program for the Poor of North Korea Strives to Forestall Corruption,0.372238995772,0.627761004228,neg
Shanghai Tycoon Faces Bribery Charges,0.817392583873,0.182607416127,pos
China to Charge Top StatisticianIn Connection With Pension Probe,0.676516429289,0.323483570711,pos
A Former No. 2 Official BecomesSuspect in Siemens Bribery Probe,0.409804711093,0.590195288907,neg
German Prosecutor ChargesLawmaker in VW Scandal,0.980603448276,0.0193965517241,pos
OECD Challenges BritainFor Ending Bribery Probe,0.695986238532,0.304013761468,pos
At Siemens, WitnessesCite Pattern of Bribery,0.710526315789,0.289473684211,pos
No Free Lunch:New Ethics RulesVex Capitol Hill,0.659250397104,0.340749602896,pos
In Katrina's Wake:Where Is the Money?,0.518577859535,0.481422140465,pos
New Allegations to Challenge Siemens,0.896719458685,0.103280541315,pos
With Aid, U.S. Widens RoleIn Palestinian Crisis,0.96234114672,0.0376588532798,pos
Judgment Day,0.663030359298,0.336969640702,pos
Excerpts From The WSJ Interview With Thailand's Thaksin Shinawatra,0.920053949218,0.0799460507824,pos
Investors Credit Putin As They Pile Up Profits,0.242040056721,0.757959943279,neg
Speaker Pelosi's Ethics,0.451807228916,0.548192771084,neg
A Top Taiwan RegulatorDenies Corruption Claims,0.281582648906,0.718417351094,neg
Suharto's (Un)Pardon,0.5,0.5,pos
Chen's Son-in-Law Is Held,0.510266940452,0.489733059548,pos
Caught in China's Transformation,0.796552555448,0.203447444552,pos
Hyundai Motor Chairman Will Be Indicted,0.639547964819,0.360452035181,pos
Reactions to Enron Guilty Verdicts,0.595880149813,0.404119850187,pos
A Foreign Investor's Take on Russia,0.767366136035,0.232633863965,pos
Their People, Our Money,0.524646030967,0.475353969033,pos
Malayse,0.5,0.5,pos
Turkey's Danger Zone,0.0645375772135,0.935462422787,neg
Very Rough Justice,0.777827735167,0.222172264833,pos
What Ails Afghanistan?,0.4925,0.5075,neg
Guilty Plea By Former Aide BringsAbramoff Probe Closer to Rep. Ney,0.575524262179,0.424475737821,pos
De La Hoya Knows the Ropes,0.405850280802,0.594149719198,neg
Cleaning House?,0.615509409474,0.384490590526,pos
Dividend Stocks Haven't Caught Investors' Fancy,0.581798471124,0.418201528876,pos
Stocks Post Biggest Gain of '05,0.617198450499,0.382801549501,pos
Will Japanese Stocks ContinueTo Lure Buyers From Abroad?,0.933418656395,0.066581343605,pos
Squeezing Profits From Stocks in 2005,0.738935314144,0.261064685856,pos
What Wall Street's BestAre Telling Their Clients,0.51521449602,0.48478550398,pos
Stocks Flop Into 2005With Stumbling Start,0.488011344032,0.511988655968,neg
Drug Stocks Still Have Some Benefits,0.823513773002,0.176486226998,pos
Asian Markets End Higher;Japan Rises on Tech Stocks,0.948410731523,0.0515892684774,pos
A Small Victory for Stocks,0.790065769759,0.209934230241,pos
Americas Markets End Mixed,0.866109876848,0.133890123152,pos
InfoSpace, Jakks Pacific Advance,0.139705882353,0.860294117647,neg
Stocks Slip, Oil Prices RiseAs Earnings Reports Pile Up,0.939903846154,0.0600961538462,pos
Airlines Take Brunt of the Selloff;Oil-Related Stocks Notch Gains,0.73737692835,0.26262307165,pos
Stocks End HigherAfter an Early RallyIn Oil Prices Eases,0.809549613239,0.190450386761,pos
Small Stocks' Allure Fades,0.616048215552,0.383951784448,pos
Stocks Left Little-Changed,0.641503046716,0.358496953284,pos
Stocks Firm Up in Late Rally,0.818198039142,0.181801960858,pos
Bank Fears Sink Stocks,0.807926829268,0.192073170732,pos
Bank Stocks Rally in Europe,0.908551068884,0.0914489311164,pos
Bank Rally Helps Stocks Cut Losses,0.812212446525,0.187787553475,pos
Retailers Lead Stocks Higher,0.444388676972,0.555611323028,neg
Earnings Jitters Hit Stocks,0.82083958021,0.17916041979,pos
Stocks Leap as Fears Ebb,0.89102056962,0.10897943038,pos
Stocks Open Second Quarter Strong,0.731153202362,0.268846797638,pos
Banks, Travel Shares Lead Declines in Europe,0.922923769072,0.0770762309283,pos
Swine Flu Hurts Tourism Stocks, Boosts Pharmaceuticals,0.431034482759,0.568965517241,neg
Why Investors Should Avoid Bank Stocks,0.437254034944,0.562745965056,neg
Europe Stocks End Sharply Lower,0.884012208224,0.115987791776,pos
Some Hopeful Signs for Stocks and Bonds,0.444768747921,0.555231252079,neg
Bank Rally Prolongs Market's Winning Streak,0.882909161241,0.117090838759,pos
Napolitano Under Fire Again,0.501792438582,0.498207561418,pos
Bush's Speech on the Economy,0.513873789185,0.486126210815,pos
Economy PoisedFor '07 Rebound,Forecasters Say,0.228471683476,0.771528316524,neg
U.S. Economy Grows 3.5%;Inflation Gauge Falls Sharply,0.757776132036,0.242223867964,pos
'Economy Busted Out'In the Fourth Quarter,0.0448456824433,0.955154317557,neg
Thailand's Economy Is Open for Business,0.28284933054,0.71715066946,neg
Bush to Deliver SpeechOn State of the Economy,0.513407718319,0.486592281681,pos
Global Economy Gets Momentum Outside U.S.,0.429970326409,0.570029673591,neg
Prodi to Open Up Italy's Economy,0.53,0.47,pos
Fed's Ideal Rate of GrowthCould Be Slower in the Future,0.902536456869,0.0974635431307,pos
Stocks Take a Walk in the Clouds,0.749721652219,0.250278347781,pos
Sustained Robust Growth Challenges Beijing,0.871402877698,0.128597122302,pos
Fed's Lacker Cites InflationAs Top Risk to U.S. Economy,0.785962629871,0.214037370129,pos
EPA Improves Its Mileage Estimates,But Stats Still Don't Tell the Whole Story,0.894546676488,0.105453323512,pos
Fed Official Outlines Threats to Economy,0.214845239333,0.785154760667,neg
China Steps Up Efforts to Cool Economy,0.413127125278,0.586872874722,neg
Fed Chairman Bernanke's Speech,0.713114754098,0.286885245902,pos
Merger Mania? Glad to Hear It's Happening!,0.595061505065,0.404938494935,pos
U.K. and GermanyProvide a BoostTo Region's Economy,0.100961538462,0.899038461538,neg
Hong Kong's Economy Has Strong Rebound,0.357508079687,0.642491920313,neg
How Much Do Election ShakeupsAffect the Nation's Economy?,0.436781357431,0.563218642569,neg
Why the Economy Needs Consumers To Shop This Year,0.407191841705,0.592808158295,neg
Democrats Target Wealth GapAnd Hope Not to Hit Economy,0.816168614003,0.183831385997,pos
Readers Respond on the Election, Economy,0.347397075766,0.652602924234,neg
Euro-Zone GrowthSlowed in Quarter,Suggesting a Peak,0.441176470588,0.558823529412,neg
Stocks Start Busy Week Higher,0.717334208798,0.282665791202,pos
Economic Jitters Sap Stocks,0.829646017699,0.170353982301,pos
Arroyo Says PesoMay Rise FurtherOn Solid Economy,0.539970797864,0.460029202136,pos
Bank of Japan RemainsUpbeat About Economy,0.413812997442,0.586187002558,neg
Bush Gains Ground on Economy,But Iraq Still Tops Voters' Agenda,0.951499143684,0.0485008563163,pos
What's Behind the Boom,0.402492984731,0.597507015269,neg
Housing StartsFall in Latest SignOf Cooling Market,0.911293169383,0.0887068306172,pos
Housing Market ShowsFurther Signs of Cooling,0.840057636888,0.159942363112,pos
Housing Market Faces Big Test,0.91242301101,0.0875769889902,pos
Bernanke Sees Economic RisksFrom Energy, Housing Market,0.979473440851,0.0205265591488,pos
European Housing Slowdown,0.917475728155,0.0825242718447,pos
Europe Might NeedSome Economic ShelterAs Housing Market Cools,0.978626575214,0.0213734247858,pos
Is the House Party Over?,0.538527008828,0.461472991172,pos
Housing's End?,0.873823924731,0.126176075269,pos
Where the Heart Is,0.629399152298,0.370600847702,pos
For Whom Toll Bros. Tolls,0.865625494124,0.134374505876,pos
The Spa Staff Drought,0.660224364102,0.339775635898,pos
How Big U.S. Home BuildersPlan to Ride Out a Downturn,0.328241791173,0.671758208827,neg
Dollar Declines Against RivalsAmid Weak U.S. Housing Data,0.826781736196,0.173218263804,pos
Cracks in the Foundation,0.68203508453,0.31796491547,pos
Housing Sector Draws Activity,0.946828358209,0.053171641791,pos
Housing Starts Jump 4.7%,Bucking Forecast for Drop,0.987435062501,0.0125649374988,pos
In Bush's 'Ownership Society,'Citizens Would Take More Risk,0.878318120606,0.121681879394,pos
Some Housing Markets Overheat,0.867274093556,0.132725906444,pos
Heavenly Housing,0.9296875,0.0703125,pos
In Europe, Can One Size Fit All?,0.744845191894,0.255154808106,pos
ANZ Upgrades Annual OutlookWhile Warning of Tough Year,0.977591865229,0.0224081347705,pos
Housing PricesIn Euro ZoneWorry the ECB,0.972249215648,0.0277507843518,pos
Military Is FacingWide Budget GapWith Halliburton,0.373529411765,0.626470588235,neg
Investors Hammer Home Depot,0.42,0.58,neg
Greenspan: Hawk Lite,0.0714285714286,0.928571428571,neg
Watching Zell's Neighborhood,0.393192929673,0.606807070327,neg
Even Experts Struggle To Identify 'Bubbles',0.816621955797,0.183378044203,pos
Our Towns,0.765160523187,0.234839476813,pos
From Nations That Have TriedSimilar Pensions, Some Lessons,0.736208368867,0.263791631133,pos
Fannie Mae's Political Immunity,0.610091743119,0.389908256881,pos
Saab Workers Win Reprieve,0.724428784967,0.275571215033,pos
Review: 2013 BMW M5,0.719873150106,0.280126849894,pos
Money Eludes Pakistan's Crackdown on Accused Terror Group,0.249640277768,0.750359722232,neg
Low Treasury Yields Buffet Money Funds,0.763984048885,0.236015951115,pos
Money Funds Balloon,0.234493073048,0.765506926952,neg
Fed's Rate Cutting Puts Shine on CDs,0.809932250754,0.190067749246,pos
The Problem With the Federal Reserve's Money-Printing,0.750445952133,0.249554047867,pos
Money Rates Drop Sharply, but They Remain High,0.644496326005,0.355503673995,pos
Investors May Have to Surrender Gains,0.83396661023,0.16603338977,pos
Money Markets Gain,0.519432387312,0.480567612688,pos
Video: A Turbulent Year for Money Funds,0.275084792748,0.724915207252,neg
Vodafone, Western Union Offer Transfers Via Cell,0.887770256741,0.112229743259,pos
A Money-Fund Manager's Fateful Shift,0.504284365696,0.495715634304,pos
Money Funds Hit a High,0.35101868168,0.64898131832,neg
Oracle, SPDR Trust: Money Flow Leaders (ORCL, SPY),0.896181097961,0.103818902039,pos
Investigators Probe Whether Madoff Stashed Money in Offshore Accounts,0.34777060907,0.65222939093,neg
Money-Market Funds Ditch European Banks,0.589954597049,0.410045402951,pos
Video: Money Market Funds's Exposure Poses a Danger to Investors,0.226381476663,0.773618523337,neg
Current Account: The Dangers Lurking in Money-Market Funds,0.803528704775,0.196471295225,pos
Goldman Sachs Reports Q3 Loss; Higher Prices at the Supermarket; Beware of Money-Markets,0.543406339829,0.456593660171,pos
Money Can't Buy You Love, Study Finds,0.865634227558,0.134365772442,pos
Romney: Spending Money to Make Money,0.494923391364,0.505076608636,neg
Video: Experiments Show that Investo's Brain's Get Excited When Money-Losing Holdings Rise in Price,0.402861682295,0.597138317705,neg
Bill Gross Suddenly Finding it Hard to Attract New Money,0.727906295565,0.272093704435,pos
Big Week for Money-Market Funds,0.336276862456,0.663723137544,neg
Hungarian Foundations Keep Warm by Burning Money,0.957471565309,0.0425284346914,pos
Olympia Snowe and Jeff Sessions: An End to Budgetary Trickery,0.811182380374,0.188817619626,pos
Apple Sitting on Billions; If You Follow the Markets, Fasten Your Seat Belt,0.173580911577,0.826419088423,neg
Hedge Fund Money Poured In During Volatile 3Q,0.705928914218,0.294071085782,pos
Earnings Momentum,0.480769230769,0.519230769231,neg
Hitting Homes, Travel LightAnd Earnings From Lowe's,0.876330188248,0.123669811752,pos
Fund's Fine Line: Wrong or Just Early?,0.459577501647,0.540422498353,neg
P&G, Cigna Earnings Drive Rally,0.640410958904,0.359589041096,pos
Time for Some Bargain Hunting?First, Study Why Stock Faltered,0.515905338171,0.484094661829,pos
Japanese Banks' Results Show Shift,0.336419355521,0.663580644479,neg
PBL's Earnings Rise 26%As Casinos in Australia Gain,0.76914003395,0.23085996605,pos
BoCom Earnings Rose 31% in Half,0.514800781481,0.485199218519,pos
Dell Falls on Earnings News; Nasdaq Gains 5.2% for Week,0.855410354357,0.144589645643,pos
MarketBeat: Dell Earnings Fell,So Investors Sell After the Bell,0.607936360883,0.392063639117,pos
Target and PenneyPost Strong Net,Boost Forecasts,0.956499488229,0.0435005117707,pos
Australia's CBA Reports16% Increase in Earnings,0.760526315789,0.239473684211,pos
Surprise, Surprise,0.548648648649,0.451351351351,pos
Priceline Rallies on Earnings;Loudeye Surges on Nokia Buyout,0.25,0.75,neg
SingTel Reports 5.8% Rise in Earnings,0.684154175589,0.315845824411,pos
Google's Earnings Engine May Stall,0.343888515782,0.656111484218,neg
Oracle Falls on Slowing Earnings,But Tom Online Shares Surge,0.996284651456,0.00371534854351,pos
General Mills Posts 4% Profit Rise,Boosts Full-Year Earnings Forecast,0.997269661655,0.00273033834465,pos
Circuit City, Oracle Fall on Earnings,0.829009920828,0.170990079172,pos
HBOS ExpectsEarnings to BeatMarket Forecasts,0.833333333333,0.166666666667,pos
Lilly Sees Rise in 2007 ProfitOn Depression, Diabetes Drugs,0.323792152375,0.676207847625,neg
Fast Growth,0.557194899818,0.442805100182,pos
Morgan Plans to Spin Off Discover,0.531909343425,0.468090656575,pos
Oracle, RIM, PalmSee Heavy VolumeAhead of Reports,0.82946298984,0.17053701016,pos
Black & Decker Slashes Outlook,0.803586093622,0.196413906378,pos
Dow Industrials Hit New High,0.548745298269,0.451254701731,pos
GE's Forecast Plays It Safe,0.864262746899,0.135737253101,pos
Nucor Warns on Earnings,Citing High Inventories,0.776211950395,0.223788049605,pos
GE Tax Boon Clouds Profit Picture,0.915204340799,0.0847956592011,pos
Oracle Fuels Trading in Software,0.9375,0.0625,pos
U.S. Government-Bond Prices Rise,0.627525252525,0.372474747475,pos
Cry of the Hawks,0.879993912927,0.120006087073,pos
Bonds RemainThe Simple WayTo Diversify,0.756654747716,0.243345252284,pos
Kaupthing Bank of IcelandOffers Samurai Bonds,0.775229357798,0.224770642202,pos
Reading the Bond Market's TeaLeaves to Deduce What's Ahead,0.690293145184,0.309706854816,pos
Risky Times for Bond World's Riskiest Debt,0.913881531342,0.0861184686581,pos
Bonds Rally After June'sDoom and Gloom,0.883746138784,0.116253861216,pos
Convertible Bonds Stage Comeback,0.808501683502,0.191498316498,pos
Many Lack Confidence in EffortsTo Improve Corporate Governance,0.64372650879,0.35627349121,pos
Treasurys Strengthen on ReportOf Big Drop in Housing Prices,0.959831765842,0.0401682341583,pos
Bonds Sag on Drop in Jobless Claims,0.889456744712,0.110543255288,pos
Airline Bonds May Be InFor a Smoother Flight,0.632531685891,0.367468314109,pos
Will Bonds BenefitFrom Economic-Data Burst?,0.767177517529,0.232822482471,pos
As Home Owners Face Strains,Market Bets on Loan Defaults,0.47790595353,0.52209404647,neg
Dow Industrials Shoot Higher,0.576945754717,0.423054245283,pos
Explaining the Alternative Minimum Tax,0.33486836406,0.66513163594,neg
Hedge Funds Could Boost Trading VolumeIn European Government Bonds,0.878814711915,0.121185288085,pos
New Japan SystemHits Samurai Bonds,0.875064898119,0.124935101881,pos
China Will OfferSavings BondsElectronically,0.646632462912,0.353367537088,pos
From Nikkei MOF Mulling IssuanceOf Nonmarketable BondsWith No Rate Risks,0.851295604177,0.148704395823,pos
Fed Keeps a Lid on Mortgage Bonds,0.689002717959,0.310997282041,pos
Treasurys Gain After Fed Statement,0.670862948127,0.329137051873,pos
Even Corporate Bonds Feel a Chill,0.763032557308,0.236967442692,pos
Turkey's Currency, Bonds DeclineAs Central Bank Keeps Rates Steady,0.116891456841,0.883108543159,neg
Singapore Bank ProposalMay Enliven Bond Market,0.518065762201,0.481934237799,pos
Junk Bonds RideSteady EconomyTo Stay on Top,0.534291586331,0.465708413669,pos
Banks Scoop Up Mortgage Bonds,0.495762711864,0.504237288136,neg
Investors Seek Refuge in Treasurys,0.68359375,0.31640625,pos
Newspapers Still LurePrivate Suitors,0.779551630435,0.220448369565,pos
S&P Puts Ford a Bit Deeper Into Junk,0.670304616499,0.329695383501,pos
Singapore's DBS Posts 10% RiseIn Profit on Strong Loan Growth,0.887398097826,0.112601902174,pos
Dow Jones to EndInternational CNBC Venture,0.593525179856,0.406474820144,pos
New York Times,Dow Jones ReportLower Net Income,0.650411131807,0.349588868193,pos
Dow Jones, NBC DiscussFuture of CNBC Europe,0.833823529412,0.166176470588,pos
NBC Universal in TalksWith Dow Jones on Network,0.785732622318,0.214267377682,pos
Texas Instruments Rises, DuPont Falls,0.506746513038,0.493253486962,pos
Dow Chemical's Net SurgesAmid Higher Prices, Sales,0.511725906926,0.488274093074,pos
Move-Up Home Index,0.405737704918,0.594262295082,neg
Starter Home Index,0.405737704918,0.594262295082,neg
Luxury Home Index,0.200986078886,0.799013921114,neg
Elite Home Index,0.58431703204,0.41568296796,pos
Move-Up Home Index,0.405737704918,0.594262295082,neg
EBay, Office Depot, Qualcomm Rise,0.274280703418,0.725719296582,neg
Wal-Mart, Exxon Mobil Gain;Placer Dome Falls Amid Strike,0.498618407313,0.501381592687,neg
Profits Help Lift NasdaqTo Four-Year High,0.571877019263,0.428122980737,pos
HCA Drops on Weak Preview;Harley-Davidson, JetBlue Gain,0.438406662289,0.561593337711,neg
Dow Jones Hires Yahoo Executive,0.563814990012,0.436185009988,pos
India Alters Media-Investment Law,0.991978609626,0.00802139037433,pos
GM Paces Increase by Dow Industrials,0.257575757576,0.742424242424,neg
Investors Split on Industry Sectors,0.668602472836,0.331397527164,pos
Starter Home Index,0.405737704918,0.594262295082,neg
Newspaper Executives CautiousOn Outlook for Ad Spending,0.67253999949,0.32746000051,pos
Luxury Home Index,0.200986078886,0.799013921114,neg
Getting Divisive,0.492603550296,0.507396449704,neg
Move-Up Home Index,0.405737704918,0.594262295082,neg
Move-Up Home Index,0.405737704918,0.594262295082,neg
Sluggish Market Churns Lower,0.0973894309973,0.902610569003,neg
Greenspan Leaves Stocks Unscathed,0.665467625899,0.334532374101,pos
Investors Await Inflation Data,0.847826086957,0.152173913043,pos
Bear Stearns, J.P. Morgan Rise; Shares of Chiron, Kohl's Slump,0.724643086747,0.275356913253,pos
Nasdaq Turns to Back-Up Calculator,0.544247787611,0.455752212389,pos
Nasdaq, Philly Glitch Freezes Indexes,0.0217391304348,0.978260869565,neg
Bearish Bets Decline on NYSE, Nasdaq,0.423387096774,0.576612903226,neg
Bearish Bets Rise on Nasdaq,0.581331877729,0.418668122271,pos
Video: Nasdaq, S&P Suffer Biggest One-Day Drop Since November - News Hub,0.736508952967,0.263491047033,pos
Video: Telecom Lifts Nasdaq as Dow, S&P Drop on Disappointing Retail Sales - News Hub,0.194032873258,0.805967126742,neg
Powering QQQQ's Run? AAPL, of course,0.715095815409,0.284904184591,pos
Data Points: U.S. Markets,0.388888888889,0.611111111111,neg
Data Points: U.S. Markets,0.388888888889,0.611111111111,neg
Data Points: U.S. Markets,0.388888888889,0.611111111111,neg
Data Points: U.S. Markets,0.388888888889,0.611111111111,neg
iGate, Apax Sign Deal for Patni Computer Systems,0.82075678837,0.17924321163,pos
Data Points: U.S. Markets,0.388888888889,0.611111111111,neg
FOMC Minutes Show Deflation Fears Easing, QE2 Still Sailing,0.667505976739,0.332494023261,pos
Parties at Stock Exchanges Add New Spin to Trading Floor,0.595653277823,0.404346722177,pos
Nasdaq Net Rises, Hampered by CostsOf Failed LSE Bid,0.674050632911,0.325949367089,pos
Nasdaq Gains 4.3% for April;RadioShack Jumps on Higher Profit,0.931376561981,0.0686234380194,pos
Microsoft Rises on Earnings, Vista;Nasdaq Gains 1.2% for the Week,0.949107850047,0.0508921499531,pos
Nasdaq Gains 1.4% for the Week,0.743656598735,0.256343401265,pos
Nasdaq's Wobbly March,0.7,0.3,pos
Nasdaq, Nordic Exchange Holding Talks,0.524548192771,0.475451807229,pos
Nasdaq Woos Philadelphia Market,0.287759131293,0.712240868707,neg
Nasdaq Rallies With Broader Market,But Novell Slips on a Downgrade,0.970303503542,0.0296964964577,pos
Apple Climbs on Profit Jump;XM Rises on Narrowed Loss,0.820787746171,0.179212253829,pos
Amazon Surges on Earnings,Leading Tech Shares Higher,0.227257137958,0.772742862042,neg
Bearish Bets Hit a RecordOn Nasdaq,0.513923654568,0.486076345432,pos
TI Earnings Lead Chip Stocks Higher;Nasdaq Stalls on Home-Sales Data,0.627342514661,0.372657485339,pos
Nasdaq CEO Pay Was $18.4 Million,0.449599342933,0.550400657067,neg
Spansion Tumbles on Wider Loss,0.751366120219,0.248633879781,pos
Nasdaq Slips Ahead of Earnings Reports,0.777486910995,0.222513089005,pos
Is Thain SendingToo Many Signs?,0.416327378479,0.583672621521,neg
NYSE Holders to Sell About $1.7 Billion of Stock,0.645950626249,0.354049373751,pos
NYSE, NasdaqMake OverturesTo LSE Holders,0.75,0.25,pos
NYSE Says It Is Holding TalksWith Potential Merger Partners,0.49783536686,0.50216463314,neg
NYSE Considers Its Next Move,0.711857765004,0.288142234996,pos
NYSE, Euronext Explore a Deal,0.721423436377,0.278576563623,pos
NYSE Stake PropelsLaBranche Earnings,0.576923076923,0.423076923077,pos
LSE Denies Talks With NYSEAbout Potential Merger,0.537106828553,0.462893171447,pos
NYSE's Stock OfferingBenefits Seat Holders,0.750602893891,0.249397106109,pos
NYSE Probes Trading ActivityOf Major Investment Bank,0.741023849043,0.258976150957,pos
Ex-NYSE Floor Clerk Sentenced To Prison in 'Squawk Box' Case,0.184681220752,0.815318779248,neg
NYSE Executive Gives Deposition Linking Grasso to Pay Discussions,0.907642594092,0.0923574059079,pos
Grasso Pay Package'Shocked' Board,0.464482320559,0.535517679441,neg
Program Trading Is 57% of NYSE,0.727186311787,0.272813688213,pos
Short InterestIncreases 1.4%On the Big Board,0.530017723005,0.469982276995,pos
Win-Lose for the NYSE,0.502850096594,0.497149903406,pos
NYSE's 'Specialist' Fees,0.875,0.125,pos
NYSE Euronext's Good Debut,0.53025488919,0.46974511081,pos
Bearish Bets Fall on the NYSE,0.558601586806,0.441398413194,pos
Program Trading AccountsFor 33.1% of NYSE Volume,0.38084965151,0.61915034849,neg
Program Trading AccountsFor 33.2% of NYSE Volume,0.38084965151,0.61915034849,neg
Nymex May Be the Next to Merge,0.867923188734,0.132076811266,pos
Program Trading AccountsFor 36.2% of NYSE Volume,0.38084965151,0.61915034849,neg
Fear and Keyboard Abuse on the NYSE Floor,0.425455467418,0.574544532582,neg
Q: Are We Not Men? A: We Are NYSE!,0.575089052339,0.424910947661,pos
Out-of-Court Fight,0.521028037383,0.478971962617,pos
Quantum, Hutchinson Post Gains,0.925760286225,0.0742397137746,pos
Shares Fall At 99 Cents,Brown Shoe,0.759804430824,0.240195569176,pos
Tokyo Stock ExchangeChases ETF Action,0.120657459503,0.879342540497,neg
Browsers, but No Buyers, for an LSE Stake,0.873132372078,0.126867627922,pos
HEARD ON THE STREET: Fixing Europe's Banking Disunion,0.502084554084,0.497915445916,pos
Global News: Nomura's Vereker Steps Down as Joint Head of Investment Banking,0.808896539586,0.191103460414,pos
Wheatley Review: City Reaction,0.495633187773,0.504366812227,neg
Judge Dismisses Lawsuit Against Investment Banking Chief Allen,0.978715655743,0.0212843442565,pos
Columbia Banking to Buy West Coast Bancorp for $506 Million,0.867224720679,0.132775279321,pos
Credit Suisse Boosts Philippines Investment Banking,0.914540270848,0.0854597291518,pos
Moody's: U.S. Banking Outlook Negative Despite Stronger Banks,0.991559151385,0.00844084861523,pos
Rajoy: Banking Union Needs Resolution Tools,0.924551104972,0.0754488950276,pos
Church of England to Bankers: Repent!,0.823062200957,0.176937799043,pos
Review & Outlook: Shotgun Banking Union,0.935922871846,0.0640771281543,pos
Ice-Cream Bank's Rocky Road,0.580155367232,0.419844632768,pos
HSBC Reshuffles U.K. Management,0.785714285714,0.214285714286,pos
Goldman Sachs Shakes Up Junior Staff in Europe,0.79193221321,0.20806778679,pos
Glen-X Could Be Another Blow to Nomura's Investment Banking Ambitions,0.811099776788,0.188900223212,pos
Asia Digital Banking Lags As Savers Flock Online,0.990686704081,0.00931329591856,pos
Lenders Place Their Bets on Mobile Banking,0.89020177312,0.10979822688,pos
European Banking Authorities to Move to Make Stress Tests More Rigorous,0.934701610039,0.0652983899608,pos
Senate Banking Committee to Vote on Fed Nominees on April 29,0.98473917869,0.0152608213097,pos
China Warns of Rising Risks From 'P2P' Lending,0.832532038034,0.167467961966,pos
Mobile Banking Lifts BofA,0.772727272727,0.227272727273,pos
Jury Acquits Former Anglo Irish Bank Chairman,0.902952826792,0.0970471732085,pos
At Banks, Mobile Becomes a Must,0.778928191496,0.221071808504,pos
Senators Urge Obama to Nominate Community Banker to Fed,0.980134073626,0.0198659263735,pos
Citibank Korea to Close Nearly a Third of Its Branches,0.458523928402,0.541476071598,neg
Brazil's Central Bank on a Mission to Get People to Use Banks,0.515167783081,0.484832216919,pos
Senate Banking Committee Sends Three Fed Nominations to Senate Floor,0.984744750904,0.0152552490961,pos
European Banking Authority Releases 2014 Bank Stress-Test Scenarios,0.880025309063,0.119974690937,pos
Heard on the Street: China's Banking Great Leap Is Anything But,0.790562860864,0.209437139136,pos
Vietnam's Debt-Heavy Banks Weigh on Investor Interest, IPO Plans,0.74948434848,0.25051565152,pos
Ten Ways the ICB Report Will Change the Face of U.K. Banking,0.807933685952,0.192066314048,pos
Woori Finance's ProfitGrew 22% in 1st Quarter,0.833333333333,0.166666666667,pos
Spirit Finance to Buy Most of ShopKo's Property,0.73153145356,0.26846854644,pos
Finance Ministers TussleOver Currency Policies,0.375,0.625,neg
Consumer & Specialty Finance,0.5,0.5,pos
A Columnist's Mistake,0.567307692308,0.432692307692,pos
Northrop Elevates Finance ChiefAs His Ascent at Firm Continues,0.72191011236,0.27808988764,pos
CA Finance ChiefWill Step DownBy Mutual Accord,0.627225519288,0.372774480712,pos
Leverage Raises Default Risks,0.0760869565217,0.923913043478,neg
Keeping Accounting Close to Home,0.627156175478,0.372843824522,pos
In Korea, Signs of a Stock Bubble,0.12338347849,0.87661652151,neg
Zale Finance Chief Put on LeaveIn Payment-Disclosure Delay,0.606435643564,0.393564356436,pos
Former MinisterNominated to RunTaiwan Chip Firm,0.845089070775,0.154910929225,pos
Professor Testifies on Lay Stocks;Prosecution Won't Call Causey,0.89130649185,0.10869350815,pos
Asian PoliticiansUrge Action Over Oil,0.491160042784,0.508839957216,neg
HSBC Sees China Growth,0.823064744133,0.176935255867,pos
Woori Finance's Profit Rises 21%,0.865384615385,0.134615384615,pos
Peru's Finance ChiefHas Calming View,0.755250403877,0.244749596123,pos
Foreign Car Makers FillGap in China Auto Lending,0.115705133866,0.884294866134,neg
Roh Names New Finance Chief,0.344845906632,0.655154093368,neg
Korea's Finance Minister Resigns,0.681818181818,0.318181818182,pos
CA Names Cooper Finance Chief,0.29670568664,0.70329431336,neg
Korea's Finance ChiefSees Solid Growth,0.533492822967,0.466507177033,pos
Taiwan Taps Tax ExpertTo Take Over Finance Post,0.1433003988,0.8566996012,neg
Sears Names New Finance Chief,0.344845906632,0.655154093368,neg
Bondholders Seek SaleOf Ford Credit,0.760779993946,0.239220006054,pos
Societe Generale plans Asia team,0.493902439024,0.506097560976,neg
Europe MinistersSee Rate Rise Coming,0.75599080244,0.24400919756,pos
Noted ...,0.547619047619,0.452380952381,pos
Noted . . .,0.547619047619,0.452380952381,pos
Healthy Korean Growth Predicted,0.814285714286,0.185714285714,pos
Cox and Landmark UnwindTrader Classified-Ad Venture,0.796728971963,0.203271028037,pos
GLG, Star Trader To Receive FinesLevied by Britain,0.435295439227,0.564704560773,neg
Wall Street Waits for Jobs Report,0.507337225066,0.492662774934,pos
Skilling's Attorney ChallengesHonesty, Accuracy of Witness,0.90119760479,0.0988023952096,pos
Law Blog Archive,0.80303030303,0.19696969697,pos
Treasury to Hedge Funds:Let's Have a Little ChatAbout the Risks of Your GameFor Everyone Else?,0.711523633862,0.288476366138,pos
GM, GMAC BondsFall on Late Filing,0.222342733189,0.777657266811,neg
Nymex May FaceA Narrow WindowOn Electronic Front,0.804445863818,0.195554136182,pos
CAO Directors Plead Guilty,0.399165389201,0.600834610799,neg
Hurry Up and Wait,0.38,0.62,neg
The Energy Trading High Wire,0.552366050629,0.447633949371,pos
Bush's Remarks and Q&A Session,0.872093023256,0.127906976744,pos
Overstock.com ChairmanConsiders Stepping Down,0.588082901554,0.411917098446,pos
CAO Share PriceMoves Higher,As Trade Resumes,0.771798422733,0.228201577267,pos
Stocks Slip Ahead Of Bernanke's Comments,0.94355193662,0.0564480633803,pos
Judge Baer Approves SEC Settlement With Alleged Insider Trader Hashemi,0.246671629142,0.753328370858,neg
A Christmas-Tree Story: Fir-Trader Family Reunites,0.207034222829,0.792965777171,neg
Trader Resists Effort to Shine Light on 'Dark Pools',0.409585641617,0.590414358383,neg
ConAgra, TiVo Lure Bulls,0.583333333333,0.416666666667,pos
Traders Rethink Bullish Hopes for Activision,0.901578216696,0.0984217833039,pos
Options Traders Active in GameStop,0.866852886406,0.133147113594,pos
Lawsuit Claims Harbinger Had Private Word on Bid,0.94881678102,0.0511832189799,pos
Marvell Technology, Western Digital Options Active,0.692990020653,0.307009979347,pos
WellPoint, Cigna Draw Options Interest,0.398889356263,0.601110643737,neg
Traders Put Energy Into Options Arena,0.867186308947,0.132813691053,pos
Traders Book Bets on Airlines,0.734519104084,0.265480895916,pos
The Man Who Wired Silicon Valley,0.589225724193,0.410774275807,pos
Trading in J.P. Morgan Chase Options Is Active,0.640884178534,0.359115821466,pos
Galleon Fund Chief Rajaratnam Snared by Wiretaps & Turncoats,0.182835820896,0.817164179104,neg
Gold Ebbs as Dollar Gains,0.68985434455,0.31014565545,pos
Review & Outlook: Hong Kong's Creeping Interventionism,0.834179029762,0.165820970238,pos
Charting China's Economy: The Third Quarter,0.331173475375,0.668826524625,neg
Stephens: Europe's Brain-Dead Right,0.970656243118,0.0293437568817,pos
Free Web Link OffersCorporate-Governance Scores,0.566814527308,0.433185472692,pos
Treasury Issues New Tax RulesOn Private Use of Corporate Jets,0.706789758864,0.293210241136,pos
Japan's Regulators Get SeriousAbout Corporate Governance,0.698801809512,0.301198190488,pos
Amid Crackdown, the Jet PerkSuddenly Looks a Lot Pricier,0.192375738297,0.807624261703,neg
Corporate Debt's Stormy May Eases,0.968808367576,0.0311916324244,pos
Corporate Marketers Try Out Blogs,0.812495818372,0.187504181628,pos
GM and Ford Fall Off Corporate Bond Index,0.626159091288,0.373840908712,pos
CEOs May Soon Be RequiredTo Certify Corporations' Taxes,0.734471239693,0.265528760307,pos
Blogging BecomesA Corporate Job;Digital 'Handshake'?,0.7196102691,0.2803897309,pos
Growing Investor Demand SpursMore Choices for Buying Bonds,0.509767650427,0.490232349573,pos
VAT Decision Is Sent to Arroyo,0.566243087422,0.433756912578,pos
GE and the GreeningOf Corporate America,0.741840828652,0.258159171348,pos
Singapore ExchangeTo Bolster Listing Rules,0.385032537961,0.614967462039,neg
CEOs Fight Making It EasierFor Holders to Stop Board Picks,0.763878367329,0.236121632671,pos
Investors Shun Asian BondsAmid Rate, Economic Concerns,0.897975771612,0.102024228388,pos
Sketchy Loans Abound,0.822580645161,0.177419354839,pos
Managing Corporate Social Responsibility,0.91924959217,0.0807504078303,pos
Should Boards Control or Support Corporate Management?,0.969860628794,0.0301393712064,pos
Germany's Cabinet AgreesOn Bill to Cut Corporate Taxes,0.889461805616,0.110538194384,pos
Making 'Great Deal of Progress'On Proxy Access, SEC's Cox Says,0.410025248464,0.589974751536,neg
China Bond Revamp Stalls,0.362075366623,0.637924633377,neg
How Five New Players AidMovement to Limit CEO Pay,0.451217734806,0.548782265194,neg
China Is ExpectedTo Approve RiseIn Bond Quota,0.704478613075,0.295521386925,pos
Subprime Woes PressureWall Street Banks' Bonds,0.6433376041,0.3566623959,pos
Worldly Wise,0.429671457906,0.570328542094,neg
Fourth-Quarter GDP Revised UpTo 2.5% on Inventory Investment,0.541666666667,0.458333333333,pos
Orient Secures FundsAs It Plans Revamp,0.386094674556,0.613905325444,neg
Firms Face New Tax Curbs,0.173698852045,0.826301147955,neg
The Battle for the NFL's Future,0.531257131706,0.468742868294,pos
Euronext's Revenue Rises by 5.6%,0.9375,0.0625,pos
Gemstar Results Use Red InkAs Publishing Revenue Shrinks,0.990545070456,0.00945492954377,pos
MCI Returns to ProfitabilityDespite 10% Fall in Revenue,0.902162821767,0.0978371782329,pos
Cisco's Net Income Advances 12%,0.161184210526,0.838815789474,neg
Nortel Net Jumps;Revenue Adds 10%To Cheer Investors,0.919800271157,0.0801997288426,pos
Weak Newspaper Results HurtWashington Post's Net Income,0.391189520389,0.608810479611,neg
Pixar's Earnings,Revenue PlungeWithout 'Nemo',0.98,0.02,pos
Comcast's Profit Jumps 64%On Revenue, Margin Increases,0.767786561265,0.232213438735,pos
IAC Net, RevenueRise on Concerts,Financial Services,0.542253521127,0.457746478873,pos
WPP Group's Profit Rises 45%,Aided by Grey Global Purchase,0.979624765599,0.0203752344011,pos
Toll Brothers' Net, Revenue Jump,0.940890125174,0.0591098748261,pos
Real-Estate BubbleIs Also BuoyingNewspapers - For Now,0.570052621753,0.429947378247,pos
Chile Hopes Mine-Tax Revenue Will Aid R&D,0.940769881846,0.0592301181541,pos
Japan's Cellphone Giant TriesExpansion Into Credit Cards,0.742504665356,0.257495334644,pos
New York Times, Tribune SeeDrop in Advertising Revenue,0.93946235662,0.0605376433803,pos
CBS's Core Broadcast Revenue Slips,0.614360254244,0.385639745756,pos
Time Warner to Restate Ad Revenue,0.830436999843,0.169563000157,pos
H-P ReportsSurge in ProfitAnd Raises Forecast,0.906593406593,0.0934065934066,pos
Euronext ReportsRevenue IncreaseOn Brisk Market,0.964559386973,0.0354406130268,pos
Cisco Sales Jump, Outlook Brightens,0.080317216322,0.919682783678,neg
Lenovo Group Posts Small ProfitAs Revenue and Unit Sales Rise,0.869923369485,0.130076630515,pos
Telkom's Results BolsteredBy Web Division,0.54410011919,0.45589988081,pos
CDC Net Reaches $7.9 Million,0.314915397385,0.685084602615,neg
BT Makes a Bet on Broadband TV,0.706022929618,0.293977070382,pos
Deficit Is LikelyTo Shrink in 2006On Tax Revenue,0.790322580645,0.209677419355,pos
ITV Profit Rises Despite Ad Drop,0.897631948353,0.102368051647,pos
Imax Shares FallAmid SEC Inquiry,Lack of Buyer,0.171052631579,0.828947368421,neg
Louisiana CoffersSwell Since Katrina,0.695135495335,0.304864504665,pos
World Watch,0.61407634006,0.38592365994,pos
The OECD Cuts Its Forecast For Global Economic Growth,0.962492771986,0.0375072280136,pos
South Korean Economy SeesWeakest Growth Since 2003,0.572022688311,0.427977311689,pos
SABMiller's EarningsGrew 77% in Fiscal Year,0.529363784666,0.470636215334,pos
Singapore's Growth Decelerates,0.708955223881,0.291044776119,pos
Economists Scale BackForecasts for Growth,0.605481126647,0.394518873353,pos
Bargain Growth Stocks,0.678571428571,0.321428571429,pos
U.S. Exporters Face Harsh Climate,0.789945884363,0.210054115637,pos
Philippine EconomyIncreases by 4.6%,0.5,0.5,pos
Korean Economy Hits Lowest Point Since 2003,0.280160188886,0.719839811114,neg
IMF Forecasts2005 SlowdownFor Asia Economy,0.291666666667,0.708333333333,neg
On Monetary Policy:Yap at Japan, Not China,0.99378680321,0.0062131967903,pos
Vodafone GroupIs Expected to PostStrong Growth,0.51546653144,0.48453346856,pos
Slower Growth HitsCellphone Services Overseas,0.502941176471,0.497058823529,pos
South Korean Economic Growth Slows,0.920584368483,0.0794156315169,pos
Philadelphia FedReports Growth And Jobs Slowed,0.387964247188,0.612035752812,neg
East Asia Growth Forecast Is Raised,0.958710782148,0.0412892178524,pos
China Estimates Growth in 2006Was Likely 10.5%,0.69181902696,0.30818097304,pos
Embrace the Deficit,0.52802699925,0.47197300075,pos
Google's Earnings Engine May Stall,0.343888515782,0.656111484218,neg
Text of Bernanke RemarksOn Chinese Economy, Trade,0.654591985751,0.345408014249,pos
Euro Zone Wage GrowthSlowed in Third Quarter,0.828959500674,0.171040499326,pos
Thai GDP Picks Up Steam,0.398734177215,0.601265822785,neg
Past Losses a Plus for Large-Growth Funds,0.271928258341,0.728071741659,neg
India's Growth BoostsShort-Term Optimism,Long-Term Concern,0.988199300699,0.0118006993007,pos
Looking for SignalsIn Final GDP Reading,0.662632019348,0.337367980652,pos
Japan Expects GrowthTo Regain Steam Next Year,0.737100043563,0.262899956437,pos
China Data ShowQuicker GrowthIn Investments,0.750614250614,0.249385749386,pos
Indian Finance Official Expects Pickup in Growth,0.366079923882,0.633920076118,neg
Immigration Fuels U.K. Growth,0.91095890411,0.0890410958904,pos
Invest in Korea,0.120689655172,0.879310344828,neg
Pension Funds Still Invest Despite Prices,0.374251385097,0.625748614903,neg
Blue Chips Rally 494.13 but Paralysis Takes Hold,0.941730294165,0.0582697058349,pos
Treasurys fall on Citigroup rescue,0.488311483178,0.511688516822,neg
Italy Expected to Amplify Infrastructure Spending,0.862822969177,0.137177030823,pos
How Investors Can Get In On Buffett's Goldman Play,0.411711222318,0.588288777682,neg
Buyout Firm Could Call In Their IOUs,0.56398455314,0.43601544686,pos
A Pact to BuyChina Times Group,0.610238016712,0.389761983288,pos
Think Before Unloading,0.48851888877,0.51148111123,neg
Stand Pat or Rethink?,0.701047316252,0.298952683748,pos
Banco Santander Plans $1.2 Billion Brazil Investment,0.494433434367,0.505566565633,neg
Blue Chips Rally 494.13 But Paralysis Takes Hold,0.941730294165,0.0582697058349,pos
Dell's Revival Strategy Runs Into Trouble,0.828953065122,0.171046934878,pos
Think Railroads in Infrastructure Aid,0.31621376126,0.68378623874,neg
Judd Gregg: How to Make Sure the Stimulus Works,0.172967498486,0.827032501514,neg
Dubai Will Invest the Most in Deal to Boost Nigeria,0.787825903246,0.212174096754,pos
Ten largest buyout firms can spend $200 billion,0.0683388385326,0.931661161467,neg
The 'Alternatives' Route Was Tough Going in 2008,0.66055482453,0.33944517547,pos
Ireland to AcquireAnglo Irish Bank,0.716911764706,0.283088235294,pos
Inside a Swiss Bank, Madoff Warnings,0.612147198401,0.387852801599,pos
Hedge-Fund Middlemen Get Pinched,0.737534626039,0.262465373961,pos
Why We Keep Falling for Financial Scams,0.111393132387,0.888606867613,neg
Muni-Bond Bargains: Devil's in Details,0.851445560796,0.148554439204,pos
Let's Stimulate Private Risk Taking,0.835763120853,0.164236879147,pos
Yale's Investor Keeps Playbook,0.0329606033026,0.967039396697,neg
Obama Remarks on the Economy,0.483675143787,0.516324856213,neg
Excerpts of President-Elect Barack Obama's Speech on the Economy,0.739988370136,0.260011629864,pos
ETFs for Infrastructure,0.502600104004,0.497399895996,pos
Soros, Dell Join Flowers in Purchase of IndyMac,0.867767311872,0.132232688128,pos
Oaktree Capital Will Invest $3 Billion in South Korea,0.214884659037,0.785115340963,neg
Singapore Cellphone Repair FirmOverstated Profit and Revenue,0.984375,0.015625,pos
Fortis's Net Profit Rises 6.2%Buoyed by its Banking Unit,0.935293370587,0.0647066294133,pos
Seiko's Net Profit Falls 44%On Slump in Japan Watch Sales,0.840455569487,0.159544430513,pos
Cable & Wireless Returns to Profit,0.686749482402,0.313250517598,pos
Nippon Oil Pumps Fiscal-Year Profit,0.934554973822,0.065445026178,pos
Big Japanese Contractors Post Gains,0.694832396358,0.305167603642,pos
British Airways' Profit Drops 25%,0.787870762712,0.212129237288,pos
Fiat Posts Profit, Helped By Settlement With GM,0.910770257942,0.0892297420581,pos
SembCorp Net ProfitRose 64% in 1st Quarter,0.875,0.125,pos
McAfee Records Lower Profit,0.769553072626,0.230446927374,pos
Total's Net Increases 54%,On High Oil Prices, Margins,0.820240642526,0.179759357474,pos
Veritas Profit, Revenue Rise,0.961935483871,0.038064516129,pos
UBS Net Profit Increases 15%On Strength in Private Banking,0.972068786327,0.0279312136726,pos
Quanta Computer Logs32% Drop in Net Profit,0.818510119062,0.181489880938,pos
EDS Returns to Quarterly ProfitDespite Continued Fall in Revenue,0.720818384412,0.279181615588,pos
India Resource Firms May See Profit Hit Despite Demand,0.925034497788,0.0749655022122,pos
Bed Bath's Profit Rises 14%,0.87223219629,0.12776780371,pos
CarMax's Profit Drops 3% as Margins Rise,0.943546672337,0.0564533276632,pos
Krispy Kreme Profit Drops 53%,0.735294117647,0.264705882353,pos
HPCL net profit jumps, sales fall,0.754023680174,0.245976319826,pos
Suzlon Profit Slips; Job Cuts Considered,0.908859986751,0.0911400132493,pos
Unitech Net Profit Falls 28%,0.76898006135,0.23101993865,pos
India Oil Producer ONGC Posts Another Drop in Profit,0.95726648537,0.0427335146301,pos
Sales Slowdown Trims Oracle Profit,0.883928571429,0.116071428571,pos
Citibank India Posts Profit,0.975,0.025,pos
Smith & Wesson's Profit Jumps,0.320809248555,0.679190751445,neg
Carnival Profit Falls 33%; Drop Is Tempered by Lower Costs,0.748894384265,0.251105615735,pos
Pier 1 Imports Swings to Profit,0.7,0.3,pos
Adobe's Profit, Sales Slump,0.717391304348,0.282608695652,pos
Satyam Reports an Unexpected Profit,0.898444252377,0.101555747623,pos
'Opportunity Is All Over the World',0.607780818692,0.392219181308,pos
I Won't Trade Good Food and Love for 'Opportunity',0.706569980951,0.293430019049,pos
Speeding Through Cornfields -- at Four MPH,0.636352161537,0.363647838463,pos
China's Olympic Opportunity,0.324198359433,0.675801640567,neg
Is Avon's Latest Scent Sweet Smell of Success?,0.644414755712,0.355585244288,pos
Talking Too MuchOn a Job InterviewMay Kill Your Chance,0.505470576855,0.494529423145,pos
Lesson From Awful August:Never Sell in Time of Panic,0.496021574377,0.503978425623,neg
Basis Capital Will AllowLimited Fund Redemptions,0.511475496595,0.488524503405,pos
Promise of Gene Therapy In Fight Against Cancer,0.236614879148,0.763385120852,neg
Dell Taps Responsibility Officer,0.957287802749,0.0427121972507,pos
Transcript: The GOP Debate,0.854291188537,0.145708811463,pos
Clinton Bears BruntOf Barbs as Front-Runner,0.85,0.15,pos
Lessons for Merrill's Directors: In Future, Don't Reward Failure,0.935937652062,0.0640623479376,pos
Indonesia Circles the Wagons,0.341133816744,0.658866183256,neg
NPR Chief Ken SternRides the Airwaves,0.795306814643,0.204693185357,pos
McCain's School Choice Opportunity,0.626878361099,0.373121638901,pos
Obama and Economic Opportunity,0.655511811024,0.344488188976,pos
Letter From Bill Wrigley,0.602406536768,0.397593463232,pos
Entrepreneurs See Opportunity Down on the Yard Farm,0.7745878421,0.2254121579,pos
Hope Street Tool Seeks to Help People See Potential,0.841498802503,0.158501197497,pos
Europe's Caspian Opportunity,0.68549862763,0.31450137237,pos
Climate Change Opportunity,0.775840158147,0.224159841853,pos
Opportunity in Closed-End Funds,0.347599164927,0.652400835073,neg
IRA Investors See Golden Opportunity,0.479661346271,0.520338653729,neg
Wall Street Overlooks Bullish News For Closed-End Investment Funds,0.135556219819,0.864443780181,neg
Obama's America,0.672185430464,0.327814569536,pos
Reaching Out to Recruiters As You Work Your Way Up,0.737688586015,0.262311413985,pos
Is Free-Lancing for You?,0.494797782288,0.505202217712,neg
Mideast Funds Spot Deals,0.535579345088,0.464420654912,pos
Copper Slips After Hitting $4,0.846915609169,0.153084390831,pos
U.S. business lobby riles Democrats with ad push,0.842058581751,0.157941418249,pos
Oil and Gold May Gain Support After Taking Hits Amid Downturn,0.709985525681,0.290014474319,pos
Money-Fund Assets Show Gain,0.468252939142,0.531747060858,neg
August Jobs Data Boost Stocks,0.658850059081,0.341149940919,pos
Dow Ekes Out Gain After Early SlideAs Oil, Gold Retreat From Lofty Heights,0.897113312038,0.102886687962,pos
Nasdaq Finishes With Slight Gain,0.562762723597,0.437237276403,pos
European Shares Gain Ground,Boosted By Resource Sector,0.751454395728,0.248545604272,pos
MarketBeat: Dull Tape, Shiny Gain,0.0826103216156,0.917389678384,neg
In the Salad Aisle,Spinach's PainIs Arugula's Gain,0.898997940712,0.101002059288,pos
Equity UITs Gain As AlternativesTo Mutual Funds,0.743340732519,0.256659267481,pos
A Few Centuries Late,Convicted Witches Gain New Defenders,0.716066408136,0.283933591864,pos
AT&T, BellSouth, DuPont Gain;Boeing Drops After Downgrade,0.781103132513,0.218896867487,pos
Accor Profit JumpsAs It Refocuses on Core Hotels,0.81550802139,0.18449197861,pos
Bristol-Myers GainsAs VeriFone Also Rises,0.734805510535,0.265194489465,pos
Bollore Compels AegisTo Schedule Board Elections,0.824607329843,0.175392670157,pos
How Fresh Data Cloud PictureOf U.S. Economy,0.272212119724,0.727787880276,neg
Wal-Mart's July Sales Gain Signals Retail Strength,0.834816604114,0.165183395886,pos
Kraft Posts 44% Profit Gain,Raises Its Full-Year Forecast,0.9762612464,0.0237387536002,pos
Reagan Advisers Wanted To Trade Pork for Speed,0.714088755974,0.285911244026,pos
Allstate Posts 5% Earnings Gain,0.559523809524,0.440476190476,pos
Investors Wary Before Jobs Data,0.691092602634,0.308907397366,pos
Bank Mandiri Has Lots to GainIf Jakarta Eases Bad-Loan Laws,0.773805305033,0.226194694967,pos
Volkswagen's Net DoublesOn Sale of Europcar Unit,0.746621621622,0.253378378378,pos
Xerox Net Falls39% FollowingYear-Ago Gain,0.372171945701,0.627828054299,neg
Citigroup Profit Gain Is StuntedBy Weak Consumer Business,0.748532577876,0.251467422124,pos
Standard Life Shares Gain in Debut,0.728075073982,0.271924926018,pos
Wal-Mart ExpectsSales at BottomOf June Forecast,0.885416666667,0.114583333333,pos
Prudential Posts50% Profit GainDespite Egg Loss,0.517326732673,0.482673267327,pos
Less Rate Fear:Dow IndustrialsRally 119 Points,0.633606734297,0.366393265703,pos
Nasdaq Climbs on GDP Report, But McAfee Falls on Restatement,0.269784938552,0.730215061448,neg
Zynga Leans On Some Workers,0.759917271442,0.240082728558,pos
Indian Shares End Lower,0.650722991991,0.349277008009,pos
U.S. Stocks Remain Resilient Despite Tensions,0.911986263432,0.0880137365681,pos
'Cash Flow' Isn'tWhat It Used to Be,0.641799638098,0.358200361902,pos
GE Cuts Past Operating Cash Flows,0.717751795812,0.282248204188,pos
Oil Companies ReapCash WindfallFrom Price Surge,0.915384615385,0.0846153846154,pos
Auction-Rate Securities Under Fire,0.496928518243,0.503071481757,neg
Shares Surpass Cash as Takeover Currency of Choice,0.623651210265,0.376348789735,pos
Little Campus Lab Shakes Big Firms,0.142659926484,0.857340073516,neg
Cash Accounts Rebound,0.24343122102,0.75656877898,neg
Tyco Deferred Bonuses to CutSize of Pay on Proxy Statement,0.530305723427,0.469694276573,pos
Delta Air Adds New MeasuresTo Cash-Conservation Effort,0.870984626825,0.129015373175,pos
Value Stocks,0.435222672065,0.564777327935,neg
Make Money, Help Cash-Short Inventors,0.744467765613,0.255532234387,pos
AT&T Saves Cash for FCC Charges,0.671252538251,0.328747461749,pos
Cox May Sell Four Cable Systems,Cash In on Private-Equity Thirst,0.807370786811,0.192629213189,pos
Japan's Central BankMay Trim Cash Target,0.828912242044,0.171087757956,pos
PLDT Net Jumps on Cellular Strength,0.744466173272,0.255533826728,pos
Dell Puts Cash Flow to Work,0.861796912892,0.138203087108,pos
Value Managers Are Flush With Cash,0.498887307422,0.501112692578,neg
Treasury Plans Sale of Notes, Bills,0.9719749776,0.0280250224003,pos
GM Won't Face Cash Crisis If Rating Gets Cut,0.541386474801,0.458613525199,pos
Delta's $1.07 Billion Loss FuelsWorries of Another Cash Crunch,0.529654334147,0.470345665853,pos
The Buggy-Whip Maker,0.481018865747,0.518981134253,neg
Judge Is Seen Approving Adelphia Breakup Fee,0.719075552527,0.280924447473,pos
Sharper Financial PictureExpected for DirecTV,0.70217955371,0.29782044629,pos
Hutchison's Long-Distance Bill,0.826642335766,0.173357664234,pos
Brokerage Firms BoostEfforts to Offer Banking,0.502541296061,0.497458703939,pos
Marathon to Buy Ashland StakeIn Midwest Refinery Venture,0.527566539924,0.472433460076,pos
Performance Tires BurnRubber -- and Cash,0.629382289565,0.370617710435,pos
Is Gold's Run Over?,0.487961951633,0.512038048367,neg
John Bull Confronts Criminals, Chickens Out,0.722168184853,0.277831815147,pos
Small Stocks Bear Brunt of Fall,0.299025569615,0.700974430385,neg
A Longtime Loser,Pro Soccer BeginsTo Score in U.S.,0.824200157557,0.175799842443,pos
Bear Hunting,0.5375,0.4625,pos
Sour Sentiment, Stalled Stocks,0.485074626866,0.514925373134,neg
Canine Mutiny: Dog Owners Fight Insurers,0.692048214446,0.307951785554,pos
Wall Street Trades Up,0.0984862768336,0.901513723166,neg
Uncertainty Reigns,0.886363636364,0.113636363636,pos
FirstFed's Troubling Numbers,0.249208860759,0.750791139241,neg
Next Tankan Survey PlaysBig Role at Bank of Japan,0.403322083782,0.596677916218,neg
It's Time to Buy: Nasdaq's Slide Signals Opportunities for Investors,0.713766805594,0.286233194406,pos
Cowabunga Yarchagumba,0.5,0.5,pos
Talking the Talk,0.458375162527,0.541624837473,neg
Tomorrow's Testimony Today,0.863486842105,0.136513157895,pos
All Hail the New Bull Market!,0.655095506682,0.344904493318,pos
Thinking Like a Bull in a Bear Market,0.325597283603,0.674402716397,neg
OVERHEARD,0.5,0.5,pos
Don't Get Too Excited About This Rally,0.745424582438,0.254575417562,pos
Alternatives to Going to College After High School,0.517239022528,0.482760977472,pos
Are ETFs Driving Late-Day Turns?,0.545639373237,0.454360626763,pos
Photos of the Year, 2008,0.529612915118,0.470387084882,pos
Damage Done May Require Bigger Moves,0.519073679905,0.480926320095,pos
The Year in Photos: Sports,0.302183654087,0.697816345913,neg
Stock Investors Lose Faith, Pull Out Record Amounts,0.301450714072,0.698549285928,neg
Madoff Created Air of Mystery,0.567554204393,0.432445795607,pos
Photos of the Year: The Best,0.601257783585,0.398742216415,pos
Even With His '08 View Way Off, Mr. Paulsen Sees '09 Heading Up,0.872149494306,0.127850505694,pos
An Optimist Looks Back on a Rough Year,0.480858885623,0.519141114377,neg
President-elect Barack Obama's Transition Team Promises Bridges to Everywhere,0.699797633873,0.300202366127,pos
